part_no,name,qty,material,thickness_mm,flat_size,process,notes
01A,Inner Housing Wall,1,304 Stainless Steel,1.2,445 x 91 mm,Laser cut + roll to cylinder (R=70.8mm),"4 slot cutouts (10.5x23.5mm stadium shape), 2 wire exit holes (8mm dia), 1 thermocouple hole (6mm dia at z=12mm)"
01B,Outer Perforated Mesh,1,304 Stainless Steel,1.2,478 x 91 mm,Laser cut perforations + roll to cylinder (R=76.0mm),"4mm dia holes, 6mm staggered spacing. 4 slot cutouts matching inner housing. Alternative: buy pre-perforated 304 SS sheet."
01C,Support Ring,1,304 Stainless Steel,1.2,Annular ring + strip (see DXF),Laser cut + bend,Shelf ring + retaining wall. Connects inner housing to outer mesh at bottom. Weld to inner housing.
01D,Standoff Fins,12,304 Stainless Steel,1.2,Small rectangular tabs (see DXF),Laser cut,12 fins welded between inner housing and outer mesh. Space evenly around circumference.
02,Bottom Cap,1,304 Stainless Steel,1.2,Disk OD 158mm + lip strip + 5 tabs,Laser cut disk + roll 10mm lip + 5 screw tabs,3x M6 clearance holes (6.6mm) for leg bolts at 40/160/280 deg. 5x M4 screw tabs for mounting to mesh shell.
03,Top Cap,1,304 Stainless Steel,1.2,Annular ring ID 82mm OD 158mm,STAMPED/FORMED compound curve + laser cut perforations + rolled lips,"CRITICAL: 4 U-shaped compound-curved grooves (10.5mm wide x 23.5mm deep) following ceramic element slots. Requires custom stamping die or hydroforming. Also has: 10mm outer lip, 3mm inner grab lip, 5mm insulation ridge at R=70.85mm, 5mm ceramic retaining ridge at R=46.25mm (between slots only), ventilation perforations (4mm holes), 5x M4 screw tabs."
04,Lid Assembly,1,304 Stainless Steel,1.2,6 sub-parts (see DXF),Laser cut 6 sub-parts + weld together,"Inner cylinder, outer mesh cylinder, bottom ring, top disk, retaining wall (3.3mm), shelf. Handle: 2 posts + bar (4mm rod, 25mm tall, 50mm wide). Lid height: 35mm. Hinge plate welded to lid outer wall."
05,Hinge Pin,1,304 Stainless Steel,5mm rod,25mm length,Cut rod to length,"5mm diameter rod, 25mm long. Connects lid hinge to base hinge knuckles."
12,Steel Tray,1,304 Stainless Steel,3.0,~477 x 285 mm,Laser cut + 4 brake bends (12mm lips),"Base platform. 3x M6 clearance holes for leg bolts. Extended right side for controller box mounting. Top + bottom lip bends (12mm height, 2mm thickness)."
